destination,place,missing_fields
alappuzha,"Vembanad Lake","description|cost|openingHours|duration"
alappuzha,"Nehru Trophy Boat Race venue","description|cost|openingHours|duration"
alappuzha,"Alappuzha Beach","description|cost|openingHours|duration"
alappuzha,"Krishnapuram Palace","description|cost|openingHours|duration"
alappuzha,"Kuttanad Backwaters","description|cost|openingHours|duration"
amritsar,"Golden Temple","description|cost|openingHours|duration"
amritsar,"Jallianwala Bagh","description|cost|openingHours|duration"
amritsar,"Akal Takht","description|cost|openingHours|duration"
amritsar,"Central Sikh Museum","description|cost|openingHours|duration"
amritsar,"Durgiana Temple","description|cost|openingHours|duration"
amritsar,"Gurdwara Baba Atal","description|cost|openingHours|duration"
coorg,"Abbey Falls","description|cost|openingHours|duration"
coorg,"Raja's Seat","description|cost|openingHours|duration"
coorg,"Nagarhole National Park","description|cost|openingHours|duration"
coorg,"Dubare Elephant Camp","description|cost|openingHours|duration"
coorg,"Talakaveri","description|cost|openingHours|duration"
darjeeling,"Darjeeling Himalayan Railway","cost"
darjeeling,"Happy Valley Tea Estate","cost"
darjeeling,"Darjeeling Ropeway","cost"
dawki,"Umngot River Boating","cost"
dawki,"Shnongpdeng","cost"
delhi,"Partition Museum, Delhi","cost"
dharamshala,"Triund Trek","cost"
dharamshala,"Dharamshala Cricket Stadium","cost"
gangtok,"Gangtok Ropeway","cost"
gangtok,"Rumtek Monastery","cost"
gangtok,"Tsomgo Lake","cost"
gangtok,"Nathu La Pass","cost"
gangtok,"Tsuk La Khang Royal Chapel","cost"
goa,"Fort Aguada","cost"
goa,"Dudhsagar Falls","cost"
goa,"Bondla Wildlife Sanctuary","cost"
goa,"Reis Magos Fort","cost"
goa,"Tito's, Baga","cost"
hampi,"Virupaksha Temple","description|cost|openingHours|duration"
hampi,"Stone Chariot, Vitthala Temple","description|cost|openingHours|duration"
hampi,"Lotus Mahal","description|cost|openingHours|duration"
hampi,"Elephant Stables","description|cost|openingHours|duration"
hampi,"Hampi Boulders","description|cost|openingHours|duration"
hampi,"Matanga Hill","description|cost|openingHours|duration"
haridwar,"Har Ki Pauri","description|cost|openingHours|duration"
haridwar,"Mansa Devi Temple","description|cost|openingHours|duration"
haridwar,"Chandi Devi Temple","description|cost|openingHours|duration"
haridwar,"Daksha Mahadev Temple","description|cost|openingHours|duration"
haridwar,"Sapt Rishi Ashram","description|cost|openingHours|duration"
jaipur,"Rambagh Palace","cost|openingHours"
jaipur,"Ram Niwas Garden","cost"
jaipur,"Sisodia Rani Garden","cost"
jaipur,"Jawahar Kala Kendra","cost"
jaisalmer,"Jaisalmer Fort","description|cost|openingHours|duration"
jaisalmer,"Sam Sand Dunes","description|cost|openingHours|duration"
jaisalmer,"Patwon Ki Haveli","description|cost|openingHours|duration"
jaisalmer,"Salim Singh Ki Haveli","description|cost|openingHours|duration"
jaisalmer,"Gadisar Lake","description|cost|openingHours|duration"
jaisalmer,"Kuldhara Abandoned Village","description|cost|openingHours|duration"
jodhpur,"Umaid Bhawan Palace","cost"
jodhpur,"Balsamand Lake","cost|openingHours"
jodhpur,"Rao Jodha Desert Rock Park","cost"
jodhpur,"Kaylana Lake","cost"
jodhpur,"Osian","cost|openingHours"
khajuraho,"Kandariya Mahadeva Temple","description|cost|openingHours|duration"
khajuraho,"Lakshmana Temple, Khajuraho","description|cost|openingHours|duration"
khajuraho,"Chaturbhuj Temple, Khajuraho","description|cost|openingHours|duration"
khajuraho,"Parsvanatha Temple, Khajuraho","description|cost|openingHours|duration"
kochi,"Paradesi Synagogue","description|cost|openingHours|duration"
kochi,"Mattancherry Palace","description|cost|openingHours|duration"
kochi,"Santa Cruz Cathedral Basilica","description|cost|openingHours|duration"
kochi,"Indo-Portuguese Museum","description|cost|openingHours|duration"
kochi,"Cochin Port Maritime Heritage Museum","description|cost|openingHours|duration"
kolkata,"Eden Gardens","cost"
ladakh,"Hemis Monastery","cost"
ladakh,"Thiksey Monastery","cost"
ladakh,"Spituk Monastery","cost"
ladakh,"Hall of Fame Museum","cost"
ladakh,"Stok Palace","cost"
ladakh,"Alchi Monastery","cost"
ladakh,"Likir Monastery","cost"
ladakh,"Lamayuru Monastery","cost"
ladakh,"Phyang Monastery","cost"
manali,"Solang Valley","cost"
manali,"Rohtang Pass","cost"
manali,"Naggar Castle","cost"
manali,"Hampta Pass Trek","cost"
mawlynnong,"Mawlynnong Village Walk","cost"
mawlynnong,"Riwai Living Root Bridge","cost"
mawlynnong,"Bangladesh Viewpoint","cost"
mawlynnong,"Bamboo Sky Walk","cost"
mumbai,"Dharavi","cost"
mumbai,"Taj Mahal Palace Hotel","cost"
munnar,"Mattupetty Dam and Lake","cost"
munnar,"Top Station Viewpoint","cost"
munnar,"Chinnar Wildlife Sanctuary","cost"
munnar,"Anamudi Peak","cost"
munnar,"Kolukkumalai Tea Estate","cost"
mysuru,"Brindavan Gardens","cost"
mysuru,"Srirangapatna","cost"
mysuru,"Nagarhole National Park","cost"
nubra-valley,"Diskit Monastery","cost"
nubra-valley,"Hunder Sand Dunes","cost"
orchha,"Jehangir Mahal, Orchha","description|cost|openingHours|duration"
orchha,"Ram Raja Temple, Orchha","description|cost|openingHours|duration"
orchha,"Chaturbhuj Temple, Orchha","description|cost|openingHours|duration"
orchha,"Orchha Wildlife Sanctuary","description|cost|openingHours|duration"
panaji,"Our Lady of the Immaculate Conception Church","description|cost|openingHours|duration"
panaji,"Fontainhas","description|cost|openingHours|duration"
panaji,"Adil Shah Palace","description|cost|openingHours|duration"
panaji,"Kala Academy","description|cost|openingHours|duration"
panaji,"Salim Ali Bird Sanctuary","description|cost|openingHours|duration"
pangong-lake,"Pangong Tso","description|cost|openingHours|duration"
pangong-lake,"Spangmik Village","description|cost|openingHours|duration"
pondicherry,"Auroville","description|cost|openingHours|duration"
pondicherry,"Sri Aurobindo Ashram","description|cost|openingHours|duration"
pondicherry,"Promenade Beach","description|cost|openingHours|duration"
pondicherry,"French Quarter (White Town)","description|cost|openingHours|duration"
pondicherry,"Basilica of the Sacred Heart of Jesus","description|cost|openingHours|duration"
rishikesh,"Rajaji National Park","cost"
rishikesh,"White-water Rafting, Rishikesh","cost"
shillong,"Shillong Peak","cost"
shillong,"Umiam Lake","cost"
shillong,"Mawphlang Sacred Forest","cost"
shillong,"Shillong Golf Course","cost"
shillong,"Nohwet Rock, Mawkdok Valley","cost"
shimla,"Kalka–Shimla Railway","cost"
shimla,"Kufri","cost"
sohra,"Living Root Bridge, Nongriat","cost"
sohra,"Arwah Cave","cost"
sohra,"Mawkdok Dympep Valley Viewpoint","cost"
srinagar,"Hari Parbat Fort","cost"
srinagar,"Pari Mahal","cost"
udaipur,"Lake Pichola","cost"
udaipur,"Lake Palace","cost"
udaipur,"Jag Mandir Palace","cost"
udaipur,"Sajjangarh Palace (Monsoon Palace)","cost"
udaipur,"Shiv Niwas Palace","cost"
udaipur,"Vintage and Classic Car Museum","cost"
udaipur,"Ranakpur Jain Temples","cost"
varanasi,"Ramnagar Fort","cost"